,gdp_pc_1000USD,labor_prod_1000USD
Vietnam,2.082243694,1.306462924
Lebanon,5.858237956,7.871657665
"Korea, Rep.",28.60573201,19.90754462
Nepal,0.859023683,0.652953178
Mexico,10.27563404,6.057267098
