,gdp_pc_1000USD,lapor_prod_1000USD
Vietnam,2082.243694,1306.462924
Lebanon,5858.237956,7871.657665
"Korea, Rep.",28605.73201,19907.54462
Nepal,859.0236834,652.9531784
Mexico,10275.63404,6057.267098
