,gdp_pc_1000USD,lapor_prod_1000USD
Algeria,4.710583772,19.8005575
Canada,51.58876144,99.70837397
Malawi,0.523603452,0.769220431
Philippines,3.33768201,3.31993949
Uruguay,14.5973081,24.85285935
